TEAM,2001_GMS_home,2001_TOTAL_home,2001_AVG_home,2001_PCT_home,2001_GMS_road,2001_AVG_road,2001_PCT_road,2001_GMS_overall,2001_AVG_overall,2001_PCT_overall,2002_GMS_home,2002_TOTAL_home,2002_AVG_home,2002_PCT_home,2002_GMS_road,2002_AVG_road,2002_PCT_road,2002_GMS_overall,2002_AVG_overall,2002_PCT_overall,2003_GMS_home,2003_TOTAL_home,2003_AVG_home,2003_PCT_home,2003_GMS_road,2003_AVG_road,2003_PCT_road,2003_GMS_overall,2003_AVG_overall,2003_PCT_overall,2004_GMS_home,2004_TOTAL_home,2004_AVG_home,2004_PCT_home,2004_GMS_road,2004_AVG_road,2004_PCT_road,2004_GMS_overall,2004_AVG_overall,2004_PCT_overall,2005_GMS_home,2005_TOTAL_home,2005_AVG_home,2005_PCT_home,2005_GMS_road,2005_AVG_road,2005_PCT_road,2005_GMS_overall,2005_AVG_overall,2005_PCT_overall,2006_GMS_home,2006_TOTAL_home,2006_AVG_home,2006_PCT_home,2006_GMS_road,2006_AVG_road,2006_PCT_road,2006_GMS_overall,2006_AVG_overall,2006_PCT_overall,2007_GMS_home,2007_TOTAL_home,2007_AVG_home,2007_PCT_home,2007_GMS_road,2007_AVG_road,2007_PCT_road,2007_GMS_overall,2007_AVG_overall,2007_PCT_overall,2008_GMS_home,2008_TOTAL_home,2008_AVG_home,2008_PCT_home,2008_GMS_road,2008_AVG_road,2008_PCT_road,2008_GMS_overall,2008_AVG_overall,2008_PCT_overall,2009_GMS_home,2009_TOTAL_home,2009_AVG_home,2009_PCT_home,2009_GMS_road,2009_AVG_road,2009_PCT_road,2009_GMS_overall,2009_AVG_overall,2009_PCT_overall,2010_GMS_home,2010_TOTAL_home,2010_AVG_home,2010_PCT_home,2010_GMS_road,2010_AVG_road,2010_PCT_road,2010_GMS_overall,2010_AVG_overall,2010_PCT_overall,2011_GMS_home,2011_TOTAL_home,2011_AVG_home,2011_PCT_home,2011_GMS_road,2011_AVG_road,2011_PCT_road,2011_GMS_overall,2011_AVG_overall,2011_PCT_overall,2012_GMS_home,2012_TOTAL_home,2012_AVG_home,2012_PCT_home,2012_GMS_road,2012_AVG_road,2012_PCT_road,2012_GMS_overall,2012_AVG_overall,2012_PCT_overall,2013_GMS_home,2013_TOTAL_home,2013_AVG_home,2013_PCT_home,2013_GMS_road,2013_AVG_road,2013_PCT_road,2013_GMS_overall,2013_AVG_overall,2013_PCT_overall,2014_GMS_home,2014_TOTAL_home,2014_AVG_home,2014_PCT_home,2014_GMS_road,2014_AVG_road,2014_PCT_road,2014_GMS_overall,2014_AVG_overall,2014_PCT_overall,2015_GMS_home,2015_TOTAL_home,2015_AVG_home,2015_PCT_home,2015_GMS_road,2015_AVG_road,2015_PCT_road,2015_GMS_overall,2015_AVG_overall,2015_PCT_overall,2016_GMS_home,2016_TOTAL_home,2016_AVG_home,2016_PCT_home,2016_GMS_road,2016_AVG_road,2016_PCT_road,2016_GMS_overall,2016_AVG_overall,2016_PCT_overall,2017_GMS_home,2017_TOTAL_home,2017_AVG_home,2017_PCT_home,2017_GMS_road,2017_AVG_road,2017_PCT_road,2017_GMS_overall,2017_AVG_overall,2017_PCT_overall,2018_GMS_home,2018_TOTAL_home,2018_AVG_home,2018_PCT_home,2018_GMS_road,2018_AVG_road,2018_PCT_road,2018_GMS_overall,2018_AVG_overall,2018_PCT_overall,2019_GMS_home,2019_TOTAL_home,2019_AVG_home,2019_PCT_home,2019_GMS_road,2019_AVG_road,2019_PCT_road,2019_GMS_overall,2019_AVG_overall,2019_PCT_overall,2020_GMS_home,2020_TOTAL_home,2020_AVG_home,2020_PCT_home,2020_GMS_road,2020_AVG_road,2020_PCT_road,2020_GMS_overall,2020_AVG_overall,2020_PCT_overall,2021_GMS_home,2021_TOTAL_home,2021_AVG_home,2021_PCT_home,2021_GMS_road,2021_AVG_road,2021_PCT_road,2021_GMS_overall,2021_AVG_overall,2021_PCT_overall
Seattle,81,3507507,43302,91.9,81,31764,68.1,162,37533,80.1,81,3540482,43709,92.8,81,27569,59.8,162,35639,76.4,81,3268509,40351,84.5,80,27472,58.3,161,33952,71.5,81,2940731,36305,76.0,80,28261,62.6,161,32308,69.5,81,2725549,33648,70.4,81,27603,61.7,162,30626,66.2,81,2481375,30634,64.1,81,28646,62.8,162,29640,63.5,81,2672485,32993,69.1,79,32938,72.6,160,32966,70.8,81,2329702,28761,60.2,81,29822,64.4,162,29292,62.2,81,2196461,27116,56.8,80,27624,60.9,161,27368,58.7,81,2085488,25746,53.9,81,27809,62.1,162,26778,57.9,81,1896321,23411,48.9,81,27873,65.9,162,25642,56.9,81,1721920,21258,44.4,81,28262,67.0,162,24760,55.0,81,1761546,21747,45.4,81,28445,67.5,162,25096,55.8,81,2064334,25485,53.2,80,28158,66.3,161,26813,59.3,81,2193581,27081,56.6,81,29052,67.7,162,28066,61.8,81,2267928,27999,58.5,81,28309,67.3,162,28154,62.6,81,2135445,26363,55.1,80,26797,62.9,161,26579,58.7,81,2299489,28388,59.3,80,27174,63.6,161,27785,61.3,81,1791937,22122,0.0,81,26548,0.0,162,24335,0.0,,,,,,,,,,,81,1215985,15012,0.0,79,16869,0.0,160,15929,0.0
San Francisco,81,3307686,40835,100.1,81,35260,70.3,162,38048,83.7,81,3253205,40163,98.4,81,32979,65.2,162,36571,80.0,81,3264628,40304,97.1,80,33398,67.4,161,36872,81.0,81,3256858,40208,96.8,80,36190,78.5,161,38211,87.2,81,3181023,39271,94.6,80,31703,68.4,161,35511,80.9,81,3129785,38639,93.0,79,33269,71.4,160,35988,81.7,81,3223217,39792,95.8,80,35580,77.3,161,37699,86.1,81,2863837,35356,85.1,80,32269,69.7,161,33822,77.0,81,2861113,35322,85.0,80,32234,70.2,161,33788,77.3,81,3037443,37499,90.3,81,32035,69.8,162,34767,79.5,81,3387303,41818,99.8,81,32757,72.5,162,37287,85.6,81,3377371,41695,99.5,80,32889,72.4,161,37320,85.5,80,3326796,41584,99.2,81,34977,76.6,161,38260,87.3,81,3368697,41588,99.2,81,32936,72.7,162,37262,85.5,81,3375882,41677,99.4,81,34121,74.9,162,37899,86.6,81,3365256,41546,99.1,81,32164,71.1,162,36855,84.6,81,3303652,40785,97.3,81,31376,69.9,162,36081,83.1,81,3156185,38965,93.0,81,33915,74.9,162,36440,83.6,81,2707760,33429,0.0,81,32452,0.0,162,32940,0.0,,,,,,,,,,,81,1679484,20734,0.0,80,22467,0.0,161,21595,0.0
New York,80,3264777,40809,74.1,81,34787,76.5,161,37779,75.2,80,3461644,43270,78.6,81,36296,78.9,161,39762,78.7,,,,,,,,,,,,,,,,,,,,,,,,,,,,,,,,,,,,,,,,,,,,,,,,,,,,,,,,,,,,,,,,,,,,,,,,,,,,,,,,,,,,,,,,,,,,,,,,,,,,,,,,,,,,,,,,,,,,,,,,,,,,,,,,,,,,,,,,,,,,,,,,,,,,,,,,,,,,,,,,,,,,,,,,,,,,,,,,,,,,,,,,,,,,,,
New York,80,3264777,40809,74.1,81,34787,76.5,161,37779,75.2,78,2804838,35959,64.5,80,26771,54.8,158,31307,59.9,,,,,,,,,,,,,,,,,,,,,,,,,,,,,,,,,,,,,,,,,,,,,,,,,,,,,,,,,,,,,,,,,,,,,,,,,,,,,,,,,,,,,,,,,,,,,,,,,,,,,,,,,,,,,,,,,,,,,,,,,,,,,,,,,,,,,,,,,,,,,,,,,,,,,,,,,,,,,,,,,,,,,,,,,,,,,,,,,,,,,,,,,,,,,,
New York,81,2658279,32818,58.8,81,29955,61.6,162,31387,60.1,80,3461644,43270,78.6,81,36296,78.9,161,39762,78.7,,,,,,,,,,,,,,,,,,,,,,,,,,,,,,,,,,,,,,,,,,,,,,,,,,,,,,,,,,,,,,,,,,,,,,,,,,,,,,,,,,,,,,,,,,,,,,,,,,,,,,,,,,,,,,,,,,,,,,,,,,,,,,,,,,,,,,,,,,,,,,,,,,,,,,,,,,,,,,,,,,,,,,,,,,,,,,,,,,,,,,,,,,,,,,
New York,81,2658279,32818,58.8,81,29955,61.6,162,31387,60.1,78,2804838,35959,64.5,80,26771,54.8,158,31307,59.9,,,,,,,,,,,,,,,,,,,,,,,,,,,,,,,,,,,,,,,,,,,,,,,,,,,,,,,,,,,,,,,,,,,,,,,,,,,,,,,,,,,,,,,,,,,,,,,,,,,,,,,,,,,,,,,,,,,,,,,,,,,,,,,,,,,,,,,,,,,,,,,,,,,,,,,,,,,,,,,,,,,,,,,,,,,,,,,,,,,,,,,,,,,,,,
Cleveland,80,3175523,39694,92.6,81,29276,65.4,161,34452,78.6,81,2616940,32307,75.4,80,24061,54.0,161,28210,64.6,81,1730001,21358,49.2,80,24487,54.2,161,22913,51.8,81,1814401,22400,51.6,81,27378,60.7,162,24889,56.3,81,2013763,24861,57.3,81,27432,61.6,162,26146,59.5,81,1997995,24666,56.8,81,30221,68.2,162,27444,62.6,80,2275916,28448,65.6,81,29435,66.7,161,28945,66.1,80,2169760,27122,62.5,80,31026,68.6,160,29074,65.6,79,1776904,22492,51.8,81,27843,63.9,160,25201,58.0,80,1394812,17435,40.2,81,29205,68.5,161,23357,54.3,81,1840835,22726,52.3,81,30671,72.4,162,26698,62.2,81,1603596,19797,45.6,81,28285,68.2,162,24041,56.6,80,1572926,19661,45.3,80,28234,67.8,160,23947,56.3,78,1437393,18428,42.4,81,29107,68.9,159,23868,55.7,78,1388905,17806,41.0,81,29150,70.4,159,23585,55.6,81,1591667,19650,45.2,79,26940,63.9,160,23249,54.3,81,2048138,25285,58.2,80,27729,66.3,161,26499,62.2,80,1926701,24083,55.4,81,26088,64.2,161,25092,59.7,79,1738642,22008,0.0,81,24944,0.0,160,23494,0.0,,,,,,,,,,,77,1114368,14472,0.0,80,16264,0.0,157,15385,0.0
Colorado,81,3160115,39013,77.7,81,30842,63.3,162,34928,70.6,81,2737918,33801,67.3,81,29289,60.0,162,31545,63.7,81,2334085,28815,57.1,80,27869,57.3,161,28345,57.2,79,2338069,29595,58.7,81,31957,69.4,160,30791,63.9,80,1914389,23929,47.4,81,31369,68.8,161,27673,57.6,81,2104362,25979,51.5,81,32414,70.8,162,29197,60.7,82,2376250,28978,57.4,81,33754,74.1,163,31351,65.3,80,2650218,33127,65.7,81,32777,73.2,161,32951,69.2,81,2665080,32902,65.2,80,30938,69.0,161,31926,67.0,80,2875245,35940,71.2,81,31502,71.1,161,33707,71.2,81,2909777,35923,71.1,80,30299,67.6,161,33128,69.5,81,2630458,32474,64.3,80,32301,72.0,161,32388,67.9,81,2793828,34491,68.3,81,32669,72.5,162,33580,70.3,81,2680329,33090,65.5,81,31659,71.2,162,32375,68.2,80,2506789,31334,62.1,81,30962,69.3,161,31147,65.5,81,2602524,32129,63.6,81,31464,70.1,162,31796,66.7,81,2953650,36464,72.2,81,30575,69.3,162,33520,70.8,81,3015880,37233,73.7,82,31607,70.5,163,34402,72.2,81,2993244,36953,0.0,81,30528,0.0,162,33741,0.0,,,,,,,,,,,78,1938645,24854,0.0,79,20252,0.0,157,22539,0.0
Baltimore,80,3094841,38685,79.2,81,28951,63.0,161,33788,71.2,81,2682917,33122,67.8,81,24933,54.1,162,29027,61.1,81,2454118,30297,62.9,79,27645,60.5,160,28988,61.7,80,2747573,34344,70.4,80,29492,63.8,160,31918,67.2,81,2624740,32404,67.2,81,30412,66.4,162,31408,66.8,81,2153139,26581,55.2,81,31324,67.4,162,28953,61.2,80,2164822,27060,56.2,81,30549,66.4,161,28815,61.2,78,1950075,25000,51.9,80,31653,70.0,158,28369,60.7,81,1907163,23545,48.9,81,28108,63.3,162,25826,55.8,80,1733018,21662,45.0,81,27687,62.6,161,24693,53.4,80,1755461,21943,48.3,81,27819,66.2,161,24899,56.9,79,2102240,26610,58.6,81,29549,68.6,160,28098,63.5,81,2357561,29105,64.1,81,28627,67.4,162,28866,65.7,80,2464473,30805,67.8,81,29671,70.4,161,30235,69.0,79,2320590,29374,65.3,81,28714,68.3,160,29040,66.8,81,2172344,26819,59.0,81,31796,73.8,162,29307,66.2,81,2028424,25042,55.1,81,29457,69.7,162,27250,62.1,78,1564192,20053,44.1,81,27204,64.2,159,23696,54.0,80,1307807,16347,0.0,78,25484,0.0,158,20858,0.0,,,,,,,,,,,78,793229,10169,0.0,80,16390,0.0,158,13319,0.0
St. Louis,81,3113091,38433,77.3,80,33883,75.0,161,36172,76.2,81,3011756,37182,74.8,80,28893,64.7,161,33063,70.0,81,2910366,35930,71.4,81,29120,64.8,162,32525,68.2,81,3048427,37634,74.8,81,30670,70.7,162,34152,72.9,81,3538988,43691,86.8,81,30612,69.7,162,37151,78.8,80,3407114,42588,90.9,81,33810,78.2,161,38172,84.8,81,3552180,43854,93.6,81,33050,75.6,162,38452,84.9,81,3430660,42353,90.4,81,32342,75.1,162,37348,83.0,81,3343252,41274,88.1,81,31815,74.6,162,36545,81.7,81,3301218,40755,87.0,81,30687,71.0,162,35721,79.3,81,3093954,38196,86.9,81,30439,71.5,162,34318,79.3,81,3262109,40272,91.6,81,31436,72.7,162,35854,82.2,81,3369769,41602,94.6,80,32374,75.9,161,37016,85.4,81,3540649,43711,99.4,81,32022,74.4,162,37867,87.0,81,3520889,43467,98.8,80,31317,73.3,161,37430,86.4,81,3444490,42524,96.7,80,31092,72.3,161,36844,84.7,81,3447937,42567,96.8,81,31324,74.3,162,36945,85.8,81,3403587,42019,95.6,81,29274,69.4,162,35646,82.7,81,3480393,42967,0.0,81,29447,0.0,162,36207,0.0,,,,,,,,,,,80,2102530,26281,0.0,81,20518,0.0,161,23382,0.0
Los Angeles,81,3017502,37253,66.5,81,32910,68.5,162,35081,67.4,81,3131077,38655,69.0,80,30533,62.8,161,34619,66.1,,,,,,,,,,,,,,,,,,,,,,,,,,,,,,,,,,,,,,,,,,,,,,,,,,,,,,,,,,,,,,,,,,,,,,,,,,,,,,,,,,,,,,,,,,,,,,,,,,,,,,,,,,,,,,,,,,,,,,,,,,,,,,,,,,,,,,,,,,,,,,,,,,,,,,,,,,,,,,,,,,,,,,,,,,,,,,,,,,,,,,,,,,,,,,
Houston,81,2904280,35855,85.0,80,29305,63.6,161,32600,73.9,81,2517407,31079,73.7,81,27628,60.2,162,29353,66.6,81,2454241,30299,74.0,81,27575,59.8,162,28937,66.5,81,3087872,38121,93.1,80,30762,68.4,161,34465,80.3,81,2804760,34626,84.6,80,30648,67.5,161,32649,75.6,81,3022763,37318,91.1,81,31489,71.2,162,34403,80.8,81,3020405,37288,91.1,81,32685,73.3,162,34986,81.8,80,2779287,34741,84.8,81,32197,72.4,161,33461,78.3,81,2521076,31124,76.0,81,30666,69.2,162,30895,72.4,81,2331490,28783,70.3,81,31866,72.6,162,30325,71.5,81,2067016,25518,62.3,81,28588,65.0,162,27053,63.7,81,1607733,19848,48.5,81,31119,72.1,162,25483,60.6,81,1651883,20393,49.8,81,27574,64.0,162,23983,57.1,81,1751829,21627,52.8,81,27191,63.0,162,24409,58.0,81,2153585,26587,64.9,81,28121,64.6,162,27354,64.7,81,2306623,28476,69.5,81,28041,65.0,162,28258,67.2,81,2403671,29674,72.9,79,27678,64.3,160,28689,68.5,81,2980549,36796,89.8,80,28842,65.4,161,32844,77.3,81,2857367,35276,0.0,80,26302,0.0,161,30817,0.0,,,,,,,,,,,81,2068509,25537,0.0,81,17947,0.0,162,21742,0.0
Chicago,79,2779454,35182,88.9,81,34848,76.1,160,35013,82.0,78,2692071,34513,87.2,81,32368,70.4,159,33420,78.0,,,,,,,,,,,,,,,,,,,,,,,,,,,,,,,,,,,,,,,,,,,,,,,,,,,,,,,,,,,,,,,,,,,,,,,,,,,,,,,,,,,,,,,,,,,,,,,,,,,,,,,,,,,,,,,,,,,,,,,,,,,,,,,,,,,,,,,,,,,,,,,,,,,,,,,,,,,,,,,,,,,,,,,,,,,,,,,,,,,,,,,,,,,,,,
Chicago,79,2779454,35182,88.9,81,34848,76.1,160,35013,82.0,81,1676804,20701,46.7,81,25627,56.5,162,23164,51.7,,,,,,,,,,,,,,,,,,,,,,,,,,,,,,,,,,,,,,,,,,,,,,,,,,,,,,,,,,,,,,,,,,,,,,,,,,,,,,,,,,,,,,,,,,,,,,,,,,,,,,,,,,,,,,,,,,,,,,,,,,,,,,,,,,,,,,,,,,,,,,,,,,,,,,,,,,,,,,,,,,,,,,,,,,,,,,,,,,,,,,,,,,,,,,
Chicago,80,1766142,22076,49.8,81,27276,61.2,161,24692,55.6,78,2692071,34513,87.2,81,32368,70.4,159,33420,78.0,,,,,,,,,,,,,,,,,,,,,,,,,,,,,,,,,,,,,,,,,,,,,,,,,,,,,,,,,,,,,,,,,,,,,,,,,,,,,,,,,,,,,,,,,,,,,,,,,,,,,,,,,,,,,,,,,,,,,,,,,,,,,,,,,,,,,,,,,,,,,,,,,,,,,,,,,,,,,,,,,,,,,,,,,,,,,,,,,,,,,,,,,,,,,,
Chicago,80,1766142,22076,49.8,81,27276,61.2,161,24692,55.6,81,1676804,20701,46.7,81,25627,56.5,162,23164,51.7,,,,,,,,,,,,,,,,,,,,,,,,,,,,,,,,,,,,,,,,,,,,,,,,,,,,,,,,,,,,,,,,,,,,,,,,,,,,,,,,,,,,,,,,,,,,,,,,,,,,,,,,,,,,,,,,,,,,,,,,,,,,,,,,,,,,,,,,,,,,,,,,,,,,,,,,,,,,,,,,,,,,,,,,,,,,,,,,,,,,,,,,,,,,,,
Texas,81,2831111,34951,71.1,80,28165,61.6,161,31579,66.5,80,2352447,29405,59.8,79,28494,64.1,159,28952,61.8,81,2094394,25856,52.6,81,28933,64.3,162,27395,58.2,79,2513685,31818,64.8,81,29271,66.7,160,30529,65.7,80,2525221,31565,64.3,81,27127,60.1,161,29332,62.2,81,2388757,29490,60.0,82,29613,66.6,163,29552,63.2,79,2353862,29795,60.7,80,28788,66.9,159,29289,63.6,80,1945677,24320,49.5,80,29765,66.4,160,27043,57.6,78,2156016,27641,56.3,80,27629,61.4,158,27635,58.8,81,2505171,30928,63.0,81,26566,61.0,162,28747,62.0,81,2946949,36382,74.0,80,28674,67.5,161,32552,71.0,81,3460280,42719,86.9,80,28209,66.7,161,35509,77.6,82,3178273,38759,78.8,81,28121,66.5,163,33473,73.2,81,2718733,33564,68.3,81,27155,64.3,162,30360,66.4,81,2491875,30763,62.6,81,29073,67.8,162,29918,65.0,81,2710402,33461,68.1,81,27560,64.7,162,30511,66.5,81,2507760,30960,63.0,81,26699,63.8,162,28829,63.3,81,2107107,26013,52.9,81,26470,62.0,162,26241,57.1,81,2133004,26333,0.0,80,26601,0.0,161,26466,0.0,,,,,,,,,,,81,2110258,26052,0.0,80,14444,0.0,161,20284,0.0
Atlanta,81,2823494,34857,69.6,80,28794,58.6,161,31844,64.2,81,2603482,32141,64.2,79,26851,55.3,160,29529,59.9,79,2401084,30393,60.7,81,28309,59.7,160,29338,60.2,79,2322565,29399,58.7,80,30000,68.0,159,29701,63.1,80,2521167,31514,62.9,81,32757,72.8,161,32139,67.6,80,2550524,31881,63.6,79,30538,67.4,159,31214,65.4,81,2745210,33891,67.7,81,33826,75.3,162,33858,71.3,81,2532834,31269,62.4,79,34105,75.6,160,32669,68.6,81,2373631,29304,58.5,81,31612,73.5,162,30458,65.4,81,2510119,30989,61.9,81,31203,73.2,162,31096,67.1,79,2372940,30037,60.4,81,31029,71.7,160,30539,65.7,81,2420171,29878,60.1,81,31936,75.2,162,30907,67.0,81,2548679,31465,63.3,81,30845,72.2,162,31155,67.4,81,2354305,29065,58.4,81,30804,71.7,162,29934,64.6,80,2001392,25017,50.3,81,29699,69.4,161,27373,59.2,81,2020914,24949,50.8,80,28026,66.0,161,26478,57.8,81,2505252,30929,75.3,79,29230,68.1,160,30090,71.7,81,2555781,31552,76.8,81,27826,65.1,162,29689,70.8,81,2654920,32776,0.0,80,28829,0.0,161,30815,0.0,,,,,,,,,,,78,2300247,29490,0.0,78,17968,0.0,156,23729,0.0
Milwaukee,81,2811041,34704,81.7,79,29512,65.1,160,32140,73.2,81,1969693,24317,57.2,80,26396,57.3,161,25350,57.3,81,1700354,20992,50.1,80,27566,59.7,161,24258,55.1,81,2062382,25461,60.1,79,29747,68.0,160,27577,64.1,81,2211023,27296,64.4,81,29340,65.5,162,28318,64.9,81,2335643,28835,68.0,80,30232,68.5,161,29529,68.3,81,2869144,35421,83.5,81,32337,73.0,162,33879,78.1,81,3068458,37882,89.3,81,33236,75.0,162,35559,82.0,81,3037451,37499,88.4,81,30413,70.1,162,33956,79.2,81,2776531,34278,80.8,80,30647,70.3,161,32474,75.5,81,3071373,37918,90.5,78,30657,71.0,159,34356,80.8,81,2831385,34955,83.4,81,30580,71.3,162,32767,77.3,81,2531105,31248,74.6,81,31094,71.8,162,31171,73.1,81,2797384,34535,82.4,81,32328,75.6,162,33432,79.0,81,2542558,31389,74.9,81,31634,73.6,162,31511,74.2,81,2314614,28575,68.2,81,30954,71.2,162,29764,69.7,81,2558722,31589,75.4,81,30530,71.1,162,31060,73.2,81,2850875,35195,84.0,81,29000,67.8,162,32098,75.8,81,2923333,36090,0.0,81,29727,0.0,162,32909,0.0,,,,,,,,,,,81,1824282,22522,0.0,81,19548,0.0,162,21035,0.0
Arizona,81,2744433,33881,75.2,80,32110,64.9,161,33001,69.8,81,3200725,39515,87.7,80,33616,68.2,161,36584,77.6,81,2805542,34636,70.6,80,29922,61.1,161,32293,65.9,81,2519560,31105,63.4,80,30948,67.7,161,31027,65.5,81,2058718,25416,51.8,80,32323,71.3,161,28848,61.1,81,2092189,25829,52.7,80,31437,68.4,161,28615,60.2,81,2325413,28708,58.5,81,34387,74.6,162,31548,66.3,81,2509924,30986,63.2,81,33945,75.2,162,32466,68.9,81,2128799,26281,53.6,80,30457,68.0,161,28356,60.4,81,2056941,25394,51.8,81,31838,71.5,162,28616,61.2,81,2105432,25992,53.4,81,30175,68.3,162,28084,60.5,81,2177617,26884,55.3,81,32292,72.2,162,29588,63.4,81,2134795,26355,54.2,81,33054,73.8,162,29705,63.6,81,2073730,25601,54.0,79,31481,70.6,160,28504,61.9,81,2080145,25680,52.8,80,32654,72.4,161,29146,62.2,81,2036216,25138,51.7,81,32701,72.9,162,28920,61.9,81,2134375,26350,54.2,81,31939,72.3,162,29144,62.8,81,2242695,27687,56.9,81,31832,71.9,162,29760,64.1,81,2135510,26364,0.0,81,28993,0.0,162,27678,0.0,,,,,,,,,,,81,1043010,12876,0.0,80,20081,0.0,161,16456,0.0
Boston,81,2625333,32411,96.6,80,33760,70.8,161,33081,81.5,81,2650063,32716,97.4,80,30925,63.7,161,31826,77.6,81,2724165,33631,100.2,80,30544,64.1,161,32097,79.1,81,2837304,35028,96.8,80,36002,75.8,161,35512,85.0,81,2847888,35159,97.2,81,37709,80.6,162,36434,87.8,82,2967508,36189,100.0,81,36099,76.7,163,36144,86.9,81,2971025,36679,101.4,81,38642,81.5,162,37660,90.1,81,3048250,37632,104.0,81,38367,84.1,162,37999,92.9,81,3062699,37811,101.5,81,33869,73.0,162,35840,85.7,81,3046443,37610,100.9,81,32285,70.1,162,34948,83.9,81,3054001,37703,101.7,81,31999,73.3,162,34851,86.3,81,3043003,37567,101.4,81,31038,71.8,162,34303,85.5,81,2833333,34979,94.4,81,33045,74.8,162,34012,83.7,81,2956089,36494,98.5,81,31867,73.6,162,34181,85.1,81,2880694,35564,94.8,81,32263,73.8,162,33913,83.5,81,2955434,36486,97.2,81,32290,73.4,162,34388,84.4,81,2917678,36020,95.9,81,31563,72.8,162,33792,83.5,81,2895575,35747,95.3,81,29992,69.6,162,32870,81.5,81,2924627,36106,0.0,81,28027,0.0,162,32066,0.0,,,,,,,,,,,81,1725323,21300,0.0,80,19693,0.0,161,20501,0.0
Pittsburgh,79,2436290,30839,80.4,80,27509,59.6,159,29163,69.0,79,1784993,22594,58.9,80,26836,58.4,159,24728,58.6,78,1636751,20983,55.4,79,28219,60.2,157,24624,58.0,75,1583031,21107,55.0,78,30339,70.4,153,25813,63.3,79,1817245,23003,60.0,81,33014,72.7,160,28071,66.9,80,1861549,23269,60.7,81,31851,70.5,161,27587,66.0,79,1749142,22141,57.7,81,34880,76.9,160,28590,68.2,80,1609076,20113,52.4,81,33700,75.8,161,26949,65.0,81,1577853,19479,50.8,80,30531,69.2,161,24971,60.6,81,1613399,19918,51.9,81,30600,69.9,162,25259,61.5,80,1940429,24255,63.2,80,30905,70.4,160,27580,67.1,80,2091918,26148,68.2,81,31307,71.7,161,28744,70.1,80,2256862,28210,73.5,81,33488,76.2,161,30865,75.0,81,2442564,30155,78.6,79,33316,76.1,160,31715,77.3,81,2498596,30846,80.4,81,33049,76.5,162,31947,78.3,80,2249021,28112,73.3,81,29999,68.8,161,29061,70.9,81,1919447,23696,62.5,81,32633,75.3,162,28164,69.4,78,1465316,18786,49.0,81,31288,72.7,159,25155,61.7,81,1491429,18412,0.0,81,32070,0.0,162,25241,0.0,,,,,,,,,,,81,859498,10611,0.0,80,20719,0.0,161,15633,0.0
San Diego,80,2378116,29726,44.8,81,31342,66.9,161,30539,54.0,81,2220416,27412,41.3,80,30183,64.0,161,28789,50.7,81,2027020,25024,39.2,80,29418,62.2,161,27208,48.9,81,3016752,37243,88.7,80,32349,68.4,161,34811,78.0,81,2869787,35429,83.4,80,31642,67.8,161,33547,75.2,81,2659754,32836,77.3,81,32616,69.6,162,32726,73.3,81,2790074,34445,81.0,82,34189,73.5,163,34316,77.1,81,2427535,29969,70.5,81,35798,76.5,162,32883,73.7,81,1922603,23735,55.8,81,31526,68.7,162,27631,62.5,81,2131774,26318,61.9,81,31104,68.4,162,28711,65.3,81,2143018,26457,62.0,81,32929,72.8,162,29693,67.5,81,2123721,26218,61.4,81,31422,69.4,162,28820,65.5,81,2166691,26749,62.7,81,32212,71.5,162,29480,67.2,81,2195373,27103,63.5,80,32877,72.0,161,29972,67.8,81,2459752,30367,71.1,81,31721,69.0,162,31044,70.0,81,2351426,29029,68.0,81,32847,71.8,162,30938,70.0,81,2138491,26401,61.8,81,32161,70.9,162,29281,66.5,80,2147000,26837,64.5,81,30730,68.1,161,28795,66.4,81,2396399,29585,0.0,81,32446,0.0,162,31015,0.0,,,,,,,,,,,81,2191950,27061,0.0,79,22140,0.0,160,24631,0.0
Oakland,81,2133277,26336,60.3,80,28328,61.0,161,27326,60.7,81,2169811,26787,61.4,81,29829,66.0,162,28308,63.7,81,2216596,27365,62.7,80,26889,58.9,161,27129,60.8,81,2201516,27179,62.2,81,31914,69.7,162,29546,66.1,81,2109118,26038,59.6,81,29882,65.7,162,27960,62.7,81,1976625,24402,55.9,80,32191,69.3,161,28273,62.8,81,1921834,23726,54.3,81,32710,71.4,162,28218,63.1,81,1665256,20558,48.3,79,29943,65.2,160,25192,57.0,81,1408783,17392,39.8,80,28956,63.9,161,23138,52.0,81,1418391,17511,40.1,81,29719,66.5,162,23615,53.4,81,1476792,18232,52.0,81,30476,68.8,162,24354,61.4,81,1679013,20728,60.6,81,29978,68.0,162,25353,64.8,81,1809302,22337,63.7,81,29308,67.1,162,25822,65.6,80,2003628,25045,71.4,81,28757,65.6,161,26912,68.2,81,1768175,21829,62.3,81,29526,66.8,162,25677,64.8,81,1521506,18784,53.6,81,29511,67.4,162,24147,61.2,80,1475721,18446,52.6,80,29466,67.1,160,23956,60.7,81,1573616,19427,55.4,80,28748,65.5,161,24058,61.0,81,1662211,20521,0.0,81,27615,0.0,162,24068,0.0,,,,,,,,,,,80,701430,8767,0.0,81,19085,0.0,161,13958,0.0
Anaheim,81,2000919,24702,54.8,81,30856,67.1,162,27779,61.0,81,2305565,28463,63.2,80,26800,58.2,161,27637,60.7,81,3061094,37791,83.9,81,27140,61.2,162,32466,72.6,81,3375677,41675,92.5,81,29524,63.8,162,35599,78.0,,,,,,,,,,,,,,,,,,,,,,,,,,,,,,,,,,,,,,,,,,,,,,,,,,,,,,,,,,,,,,,,,,,,,,,,,,,,,,,,,,,,,,,,,,,,,,,,,,,,,,,,,,,,,,,,,,,,,,,,,,,,,,,,,,,,,,,,,,,,,,,,,,,,,,,,,,,,,,,,,,,,,,,,,,
Detroit,80,1921305,24016,60.0,80,27665,61.8,160,25841,61.0,80,1503623,18795,47.0,81,25107,55.1,161,21970,51.3,80,1368245,17103,42.6,81,24205,53.1,161,20676,48.2,80,1917004,23962,59.7,80,27359,60.3,160,25660,60.1,80,2024485,25306,63.1,79,26351,57.5,159,25825,60.1,81,2595937,32048,79.9,81,29188,65.5,162,30618,72.3,81,3047139,37619,93.8,81,30850,68.3,162,34234,80.3,81,3202645,39538,98.6,80,29308,64.7,161,34455,80.7,81,2567185,31693,79.0,82,29622,67.1,163,30651,72.7,81,2461237,30385,75.7,79,29700,67.1,160,30047,71.2,81,2642045,32617,79.1,81,27629,65.3,162,30123,72.1,81,3028033,37383,90.6,81,30539,73.5,162,33961,82.0,81,3083397,38066,92.3,81,28024,67.2,162,33045,79.7,81,2917209,36014,87.3,81,28800,68.0,162,32407,77.5,81,2726048,33654,81.6,79,29719,71.3,160,31711,76.5,80,2493859,31173,75.6,81,28313,67.7,161,29734,71.6,81,2321599,28661,69.5,80,26725,63.1,161,27699,66.3,80,1856970,23212,56.3,80,26157,62.4,160,24685,59.3,80,1501430,18767,0.0,79,24826,0.0,159,21778,0.0,,,,,,,,,,,81,1102623,13612,0.0,79,16359,0.0,160,14968,0.0
Cincinnati,79,1879872,23795,59.5,81,32958,71.0,160,28434,65.8,80,1855973,23199,58.0,81,28630,61.9,161,25931,60.1,81,2355259,29077,69.1,81,26778,59.4,162,27927,64.1,81,2287250,28237,67.1,81,30977,70.1,162,29607,68.7,81,1943068,23988,57.0,80,32459,73.6,161,28197,65.5,81,2134633,26353,62.7,81,33914,76.7,162,30134,69.9,81,2058593,25414,60.4,80,33896,76.3,161,29629,68.5,81,2058632,25415,60.4,81,34285,76.8,162,29850,68.9,81,1747919,21579,51.3,81,31492,72.4,162,26535,62.0,81,2060550,25438,60.5,81,29781,68.5,162,27610,64.6,81,2213498,27327,64.6,80,33120,77.2,161,30205,70.9,81,2347251,28978,68.5,81,30784,71.5,162,29881,70.0,81,2534369,31288,73.9,80,32890,75.9,161,32084,74.9,81,2476664,30576,72.3,81,32140,74.1,162,31358,73.2,81,2419506,29870,70.6,80,32075,74.5,161,30965,72.5,81,1894085,23383,55.3,81,31895,73.4,162,27639,64.5,81,1836917,22677,53.6,81,32094,74.8,162,27386,64.3,81,1629356,20115,47.5,81,29918,70.3,162,25017,59.0,81,1808685,22329,0.0,81,30425,0.0,162,26377,0.0,,,,,,,,,,,81,1505024,18580,0.0,81,19527,0.0,162,19054,0.0
Toronto,81,1915438,23647,47.4,80,27748,59.6,161,25685,53.2,81,1636904,20208,40.0,81,25759,56.5,162,22984,47.8,81,1799458,22215,44.0,81,26174,58.0,162,24194,50.6,81,1900041,23457,46.4,78,27272,61.5,159,25328,53.3,81,2014987,24876,49.2,81,29900,65.9,162,27388,57.1,81,2302212,28422,56.3,81,28532,62.6,162,28477,59.3,81,2360648,29143,57.7,81,31228,68.3,162,30186,62.7,81,2399786,29626,58.6,80,30262,69.7,161,29942,63.7,81,1876129,23162,45.9,80,27485,61.2,161,25310,53.0,81,1625555,20068,39.9,81,27773,62.4,162,23920,50.5,81,1818103,22445,45.6,81,27656,64.6,162,25051,54.4,81,2099663,25921,52.6,80,29075,69.8,161,27488,60.4,81,2536562,31315,63.6,81,28039,66.0,162,29677,64.7,81,2375525,29327,59.5,81,29708,71.2,162,29518,64.9,81,2794891,34504,70.0,79,27762,65.8,160,31175,68.1,81,3392299,41880,85.0,81,30065,71.2,162,35972,78.6,81,3203886,39554,80.3,81,29912,71.4,162,34733,76.2,80,2325281,29066,59.0,80,25152,60.1,160,27109,59.5,81,1750144,21606,0.0,81,25904,0.0,162,23755,0.0,,,,,,,,,,,80,809557,10119,0.0,78,16398,0.0,158,13219,0.0
Philadelphia,78,1782054,22846,36.6,79,26808,56.3,157,24840,45.2,79,1618141,20482,32.8,81,27340,58.2,160,23954,43.9,78,2259903,28973,46.9,81,27021,57.1,159,27978,51.4,80,3250092,40626,93.4,80,26941,59.0,160,33783,75.8,80,2665304,33316,76.6,81,29284,63.3,161,31287,69.7,79,2701815,34200,78.6,80,30596,66.7,159,32386,72.4,81,3108325,38374,88.2,81,32836,72.0,162,35605,79.9,81,3422583,42254,97.1,81,33214,72.7,162,37734,84.6,81,3600693,44453,102.2,80,30760,69.4,161,37649,85.8,81,3647249,45027,103.5,81,32982,75.6,162,39005,89.6,81,3680718,45440,104.1,81,33000,75.1,162,39220,89.6,81,3565718,44021,100.8,81,31749,72.8,162,37885,86.9,81,3012403,37190,85.2,81,30463,70.1,162,33826,77.7,81,2423852,29924,68.6,81,31136,71.1,162,30530,69.9,78,1831080,23475,53.8,81,30906,70.4,159,27260,62.3,81,1915144,23643,54.2,81,30783,70.7,162,27213,62.4,79,1905354,24118,55.3,81,30940,72.3,160,27571,63.8,79,2158124,27318,63.4,80,28381,66.6,159,27853,65.0,81,2727421,33671,0.0,81,28958,0.0,162,31315,0.0,,,,,,,,,,,79,1515890,19188,0.0,79,19985,0.0,158,19587,0.0
Minnesota,80,1782926,22286,45.8,81,28079,63.7,161,25201,54.3,81,1924473,23758,48.8,80,26801,59.3,161,25270,53.8,81,1946011,24024,49.4,81,25029,55.9,162,24527,52.5,81,1911418,23597,48.5,80,26803,60.8,161,25190,54.3,81,2034243,25114,51.6,81,27375,61.8,162,26244,56.4,81,2285018,28210,58.0,81,27997,64.2,162,28103,60.9,81,2296347,28349,58.2,81,30878,69.9,162,29614,63.8,81,2302431,28425,58.4,81,29660,67.6,162,29042,62.8,82,2416237,29466,60.5,81,27801,63.6,163,28638,62.0,81,3223640,39798,100.7,81,27350,62.6,162,33574,80.7,81,3168107,39112,99.0,81,28949,68.5,162,34031,83.3,81,2776354,34275,86.8,80,28306,66.5,161,31309,76.3,81,2477644,30588,77.4,81,27022,64.4,162,28805,70.7,81,2250606,27785,70.3,79,26943,63.6,160,27369,66.9,81,2220054,27408,69.4,80,29306,69.8,161,28351,69.6,81,1963912,24245,61.4,81,27357,64.9,162,25801,63.2,80,2051279,25640,64.9,80,27797,65.5,160,26719,65.2,80,1959197,24489,63.6,81,27017,64.4,161,25761,64.0,81,2294152,28322,0.0,80,23505,0.0,161,25928,0.0,,,,,,,,,,,80,1310199,16377,0.0,79,17219,0.0,159,16795,0.0
Kansas City,81,1536371,18967,46.7,80,27991,62.5,161,23451,54.9,77,1323034,17182,42.3,81,26746,58.6,158,22085,51.1,79,1795859,22732,56.0,81,26148,56.7,160,24461,56.4,79,1661478,21031,51.6,80,25665,57.5,159,23362,54.7,79,1371181,17356,42.5,81,26046,57.7,160,21756,50.6,80,1372638,17157,42.1,81,31341,70.0,161,24293,56.8,81,1616867,19961,48.9,81,29057,64.4,162,24509,57.1,79,1578922,19986,49.0,81,29926,66.2,160,25018,58.1,80,1797887,22473,58.9,81,27799,62.9,161,25153,61.0,80,1615324,20191,52.9,81,27338,62.5,161,23787,58.1,81,1724450,21289,56.2,81,29257,68.7,162,25273,62.8,80,1739859,21748,57.4,81,27447,64.7,161,24615,61.3,81,1750754,21614,57.0,81,27433,64.7,162,24523,61.1,81,1956482,24154,63.7,81,26872,62.8,162,25513,63.2,81,2708549,33438,88.2,81,27681,65.4,162,30560,76.2,81,2557712,31576,83.3,81,27979,66.3,162,29778,74.3,80,2220370,27754,73.2,80,28458,66.2,160,28106,69.5,81,1665107,20556,54.2,80,24262,57.7,161,22398,56.1,80,1479659,18495,0.0,80,25072,0.0,160,21783,0.0,,,,,,,,,,,81,1159613,14316,0.0,80,16222,0.0,161,15263,0.0
Tampa Bay,81,1298365,16029,35.5,81,28262,61.7,162,22145,48.7,81,1065762,13157,29.1,80,26526,57.7,161,19800,43.4,81,1058677,13070,28.9,81,27032,59.8,162,20051,44.4,79,1275011,16139,36.6,80,28277,61.3,159,22246,49.3,81,1152793,14232,32.5,81,29233,64.5,162,21732,48.8,81,1370963,16925,38.7,81,28627,62.5,162,22776,50.8,81,1387603,17130,40.6,81,31580,68.1,162,24355,55.0,80,1780791,22259,52.8,80,30342,66.5,160,26301,60.0,81,1874962,23147,52.9,81,28643,63.0,162,25895,58.0,81,1843445,22758,52.0,81,27187,60.7,162,24972,56.4,81,1529188,18878,55.4,81,28353,65.1,162,23616,60.8,81,1559681,19255,56.5,81,30403,69.2,162,24829,63.6,81,1510300,18645,54.7,82,30154,67.6,163,24435,62.1,81,1446464,17857,52.4,81,28685,65.8,162,23271,59.9,81,1247668,15403,45.2,81,28189,65.1,162,21796,56.3,81,1286163,15878,46.6,81,30093,67.8,162,22985,58.6,80,1253619,15670,45.6,81,29898,68.8,161,22828,58.6,81,1154973,14258,41.8,80,26381,60.8,161,20282,52.4,80,1178735,14734,0.0,79,26067,0.0,159,20365,0.0,,,,,,,,,,,80,761072,9513,0.0,81,16339,0.0,161,12947,0.0
Florida,80,1261220,15765,37.1,80,26108,52.8,160,20936,45.5,81,813111,10038,23.6,79,25665,52.0,160,17754,38.7,80,1303214,16290,44.8,81,25675,52.8,161,21012,49.4,78,1723105,22091,60.6,81,29075,63.6,159,25649,62.3,81,1852608,22871,63.0,80,32853,71.0,161,27831,67.4,81,1164134,14372,39.6,80,31347,66.3,161,22807,54.6,81,1370511,16919,46.6,81,31313,67.7,162,24116,58.4,80,1335075,16688,45.9,79,33340,71.6,159,24962,60.3,78,1464109,18770,51.7,81,30385,68.4,159,24687,61.0,81,1535226,18953,54.2,80,30684,69.3,161,24782,62.6,80,1520562,19007,48.8,80,30834,70.5,160,24920,60.3,,,,,,,,,,,,,,,,,,,,,,,,,,,,,,,,,,,,,,,,,,,,,,,,,,,,,,,,,,,,,,,,,,,,,,,,,,,,,,,,,,,,,,,,,,,,,,,,,,,,
Montreal,81,619451,7647,16.4,80,26425,53.3,161,16978,35.3,81,732901,9048,19.5,81,24468,49.5,162,16758,34.9,81,1025639,12662,32.2,78,26969,55.0,159,19680,44.6,80,748550,9356,23.9,79,29306,63.5,159,19269,45.2,,,,,,,,,,,,,,,,,,,,,,,,,,,,,,,,,,,,,,,,,,,,,,,,,,,,,,,,,,,,,,,,,,,,,,,,,,,,,,,,,,,,,,,,,,,,,,,,,,,,,,,,,,,,,,,,,,,,,,,,,,,,,,,,,,,,,,,,,,,,,,,,,,,,,,,,,,,,,,,,,,,,,,,,,,
NY Yankees,,,,,,,,,,,,,,,,,,,,,81,3465640,42785,77.7,81,34705,77.4,162,38745,77.6,79,3775292,47788,83.1,81,40847,88.6,160,44274,85.6,81,4090692,50502,87.9,81,37007,82.1,162,43754,85.3,81,4243780,52392,91.2,81,38028,84.2,162,45210,88.1,81,4271083,52729,91.7,80,37227,83.4,161,45026,88.1,81,4298655,53069,92.3,81,35192,78.4,162,44131,86.2,81,3674495,45364,86.7,81,34482,77.5,162,39923,82.5,81,3765807,46491,88.9,81,34939,78.2,162,40715,83.9,81,3653680,45107,89.7,81,33228,78.9,162,39167,84.8,81,3542406,43733,87.0,81,34154,82.0,162,38943,84.7,81,3279589,40488,80.5,80,33632,78.8,161,37082,79.7,80,3401624,42520,85.7,81,35512,85.2,161,38994,85.5,80,3193795,39922,80.4,81,31322,74.8,161,35595,77.8,81,3063405,37819,76.2,81,30940,73.2,162,34380,74.8,79,3146966,39835,80.2,81,32354,76.9,160,36048,78.7,81,3482855,42998,86.6,80,30685,73.7,161,36880,80.8,79,3304404,41827,0.0,80,30759,0.0,159,36258,0.0,,,,,,,,,,,80,1959854,24498,0.0,81,20612,0.0,161,22543,0.0
LA Dodgers,,,,,,,,,,,,,,,,,,,,,81,3138626,38748,69.2,81,28680,59.8,162,33714,64.9,81,3488283,43065,76.9,81,31839,70.6,162,37452,74.1,81,3603646,44489,79.4,81,32569,72.8,162,38529,76.5,81,3758545,46401,82.9,80,32330,71.5,161,39409,77.8,81,3857036,47617,85.0,81,33254,74.0,162,40436,80.1,81,3730553,46056,82.2,81,34709,77.8,162,40383,80.3,81,3761653,46440,82.9,81,33534,75.9,162,39987,79.8,81,3562320,43979,78.5,80,33806,76.9,161,38924,77.8,81,2935139,36236,64.7,80,32584,74.4,161,34421,68.9,81,3324246,41040,73.3,80,32640,74.4,161,36866,73.8,81,3743527,46216,82.5,81,35348,79.3,162,40782,81.1,81,3782337,46695,83.4,81,33830,79.2,162,40262,81.6,81,3764815,46479,83.0,81,34525,78.6,162,40502,81.1,81,3703312,45719,81.6,81,32959,74.4,162,39339,78.5,81,3765856,46492,83.0,81,33579,76.9,162,40035,80.3,82,3857500,47042,84.0,80,33239,77.3,162,40226,81.1,81,3974309,49065,0.0,81,33427,0.0,162,41246,0.0,,,,,,,,,,,81,2804693,34625,0.0,81,25163,0.0,162,29894,0.0
Chicago Cubs,,,,,,,,,,,,,,,,,,,,,80,2962630,37032,93.6,80,33406,73.5,160,35219,82.8,81,3170184,39138,98.9,78,37100,82.7,159,38138,90.5,80,3099992,38749,98.0,81,36464,81.1,161,37600,89.0,80,3123215,39040,94.9,81,33817,76.2,161,36412,85.1,81,3252462,40153,97.7,81,36053,80.4,162,38103,88.6,81,3300200,40743,99.1,80,36328,81.6,161,38549,90.0,80,3168859,39610,96.3,81,34930,80.1,161,37256,87.9,81,3062973,37814,92.0,81,32272,73.6,162,35043,82.5,81,3017966,37258,90.5,81,32797,76.4,162,35028,83.3,81,2882756,35589,86.5,81,32485,75.2,162,34037,80.7,81,2642682,32625,79.3,81,32159,74.6,162,32392,76.9,81,2652113,32742,79.6,81,33096,76.4,162,32919,77.9,81,2959812,36540,88.8,80,34422,80.1,161,35488,84.4,81,3232420,39906,97.0,81,35052,81.8,162,37479,89.2,81,3199562,39500,96.0,81,34460,81.2,162,36980,88.5,82,3181089,38793,94.3,80,32800,76.8,162,35834,85.5,81,3094865,38208,0.0,81,33454,0.0,162,35831,0.0,,,,,,,,,,,81,1978934,24431,0.0,81,22637,0.0,162,23534,0.0
NY Mets,,,,,,,,,,,,,,,,,,,,,77,2187291,28406,49.5,81,28286,60.9,158,28345,54.7,80,2318321,28979,50.5,79,30457,69.3,159,29713,58.6,80,2829931,35374,61.6,81,35016,77.8,161,35194,68.8,78,3379535,43327,75.5,81,33642,75.3,159,38393,75.4,81,3853949,47579,82.9,81,35888,79.5,162,41733,81.4,79,4042047,51165,89.1,81,35944,80.7,160,43459,85.4,81,3154270,38941,92.7,81,31809,72.5,162,35375,82.4,79,2559738,32401,77.1,81,29318,68.2,160,30841,72.6,79,2378549,30108,72.0,80,33079,74.9,159,31603,73.5,80,2242803,28035,67.1,81,33720,76.6,161,30895,72.0,80,2135657,26695,63.9,81,30628,69.9,161,28674,67.0,80,2148808,26860,64.3,81,32217,73.4,161,29555,69.0,81,2569753,31725,75.9,81,30693,69.8,162,31209,72.8,80,2789602,34870,83.4,80,30791,70.1,160,32830,76.6,80,2460622,30757,73.6,81,30372,70.3,161,30563,71.9,79,2224995,28164,67.4,80,29795,70.1,159,28985,68.7,80,2442532,30531,0.0,81,29425,0.0,161,29975,0.0,,,,,,,,,,,72,1484665,20620,0.0,79,20723,0.0,151,20674,0.0
Chicago White Sox,,,,,,,,,,,,,,,,,,,,,81,1939594,23945,54.0,81,27006,59.6,162,25476,56.9,79,1930537,24437,61.1,81,25304,56.7,160,24876,58.7,81,2342833,28923,71.2,80,28170,62.9,161,28549,66.9,81,2957411,36511,89.9,81,30290,67.9,162,33401,78.4,81,2684395,33140,81.6,81,29132,65.6,162,31136,73.3,81,2501103,30877,76.0,81,30253,66.9,162,30565,71.2,81,2284164,28199,69.4,80,28723,65.1,161,28459,67.2,81,2194378,27091,66.7,80,26311,61.0,161,26703,63.8,81,2001117,24705,60.8,81,29256,68.2,162,26980,64.6,81,1965955,24271,59.8,81,29983,69.7,162,27127,64.9,80,1768413,22105,54.4,81,27333,65.0,161,24735,59.9,79,1650821,20896,51.5,81,28519,66.7,160,24755,59.4,80,1755810,21947,54.0,80,29030,69.4,160,25489,61.9,80,1746293,21828,53.7,81,28188,67.9,161,25028,60.9,79,1629470,20626,50.8,81,28443,66.4,160,24583,58.9,80,1608817,20110,50.1,80,26240,62.8,160,23175,56.6,76,1629636,21442,0.0,81,24384,0.0,157,22960,0.0,,,,,,,,,,,78,1596385,20466,0.0,80,16576,0.0,158,18496,0.0
LA Angels,,,,,,,,,,,,,,,,,,,,,,,,,,,,,,,,,,,,,,,,,81,3404686,42033,93.3,80,30782,65.6,161,36442,79.2,81,3406790,42059,93.4,81,27685,60.3,162,34872,76.7,81,3365632,41551,92.2,81,31209,68.0,162,36380,80.0,81,3336744,41194,91.4,81,29621,65.3,162,35407,78.3,81,3240374,40004,88.8,80,26552,57.6,161,33320,73.1,81,3250816,40133,89.1,81,30257,67.6,162,35195,78.4,81,3166321,39090,86.1,81,26125,60.7,162,32608,73.8,81,3061770,37799,83.3,81,30831,70.2,162,34315,76.8,81,3019505,37277,82.1,81,27588,64.2,162,32432,73.4,81,3095935,38221,84.2,80,28174,65.1,161,33229,74.9,81,3012765,37194,81.9,81,28958,66.5,162,33076,74.4,81,3016142,37236,82.0,81,28676,67.2,162,32956,74.8,81,3019583,37278,82.1,81,27663,65.0,162,32471,73.9,81,3020216,37286,82.1,81,28034,64.6,162,32660,73.6,81,3023010,37321,0.0,81,26849,0.0,162,32085,0.0,,,,,,,,,,,81,1512033,18667,0.0,81,19075,0.0,162,18871,0.0
Washington,,,,,,,,,,,,,,,,,,,,,,,,,,,,,,,,,,,,,,,,,81,2731993,33728,74.5,80,32052,69.6,161,32895,72.0,81,2153058,26580,58.7,81,29679,64.9,162,28130,61.8,81,1961606,24217,53.5,81,31418,68.3,162,27818,61.0,80,2320400,29005,69.2,80,32825,71.4,160,30915,70.4,80,1817202,22715,54.2,81,31345,71.3,161,27056,63.0,81,1828066,22568,53.9,81,29665,67.7,162,26117,60.9,78,1940478,24877,59.9,81,29484,67.0,159,27224,63.6,79,2370794,30010,72.3,81,33116,75.6,160,31582,74.0,81,2652422,32745,78.9,81,30597,70.2,162,31671,74.4,81,2579389,31844,76.7,81,29864,68.8,162,30854,72.6,81,2619843,32343,77.9,80,30230,69.6,161,31293,73.7,81,2481938,30641,73.8,81,29664,68.4,162,30152,71.0,81,2524980,31172,75.1,81,29967,70.4,162,30570,72.7,80,2529604,31620,76.2,80,28102,65.3,160,29861,70.6,81,2259781,27898,0.0,81,29054,0.0,162,28476,0.0,,,,,,,,,,,80,1465543,18319,0.0,78,17401,0.0,158,17866,0.0
Miami,,,,,,,,,,,,,,,,,,,,,,,,,,,,,,,,,,,,,,,,,,,,,,,,,,,,,,,,,,,,,,,,,,,,,,,,,,,,,,,,,,,,,,,,,,,,,,,,,,,,,,,,,,,,,,,81,2219444,27400,73.2,80,30986,70.9,161,29182,71.9,81,1586322,19584,52.3,80,30091,68.9,161,24805,61.2,81,1732283,21386,57.1,81,28892,65.4,162,25139,61.6,81,1752235,21632,57.8,80,29215,66.2,161,25400,62.3,80,1712417,21405,57.2,81,28510,65.7,161,24979,61.8,81,1651997,20395,54.2,80,29160,67.4,161,24750,61.2,81,811104,10013,26.7,79,28917,67.2,160,19347,48.1,81,811302,10016,0.0,80,27812,0.0,161,18858,0.0,,,,,,,,,,,81,642617,7933,0.0,79,18015,0.0,160,12911,0.0
